,Body,Department,Priority,Tags
0,"Dear Customer Support Team,I am writing to report a significant problem with the centralized account management portal, which currently appears to be offline. This outage is blocking access to account settings, leading to substantial inconvenience. I have attempted to log in multiple times using different browsers and devices, but the issue persists.Could you please provide an update on the outage status and an estimated time for resolution? Also, are there any alternative ways to access and manage my account during this downtime?",Technical Support,high,"['Account', 'Disruption', 'Outage', 'IT', 'Tech Support']"
1,"Dear Customer Support Team,I hope this message reaches you well. I am reaching out to request detailed information about the capabilities of your smart home integration products listed on your website. As a potential customer aiming to develop a seamlessly interconnected home environment, it is essential to understand how your products interact with various smart home platforms.Could you kindly provide detailed compatibility information with popular smart home ecosystems such as Amazon Alexa, Google Assistant, and Apple?",Returns and Exchanges,medium,"['Product', 'Feature', 'Tech Support']"
2,"Dear Customer Support Team,I hope this message finds you well. I am reaching out to request clarification about the billing and payment procedures linked to my account. Recently, I observed some inconsistencies in the charges applied and would like to ensure I fully understand the billing cycle, accepted payment options, and any potential extra charges.Firstly, I would be grateful if you could provide a detailed explanation of how the billing cycle functions. Specifically, I am interested in knowing the start and end dates.Thank you for your assistance regarding these billing inquiries.",Billing and Payments,low,"['Billing', 'Payment', 'Account', 'Documentation', 'Feedback']"
3,"Dear Support Team,I hope this message reaches you well. I am reaching out to ask about the compatibility of your products with the specific needs of marketing agencies. Our company is considering adopting these solutions to streamline our current marketing processes and wants to confirm that the products are fully compatible with the tools and platforms we currently utilize.Could you please supply detailed information regarding the compatibility of your products with popular marketing software, CRM systems, email marketing applications, and analytics platforms? Additionally, I would appreciate any relevant case studies or documentation tailored to our use case.",Sales and Pre-Sales,medium,"['Product', 'Feature', 'Feedback', 'Tech Support']"
4,"Dear Customer Support,I hope this message reaches you in good health. I am eager to learn more about the features of one of your products. Would you be able to share comprehensive details about its functionalities, specifications, and any distinctive characteristics it may possess? Additionally, if there are user manuals, tutorials, or demonstration videos available, I would be grateful if you could provide those resources. Gaining a thorough understanding of the features will assist me in making an informed decision regarding the product.Thank you very much for your assistance. I look forward to your prompt reply.Best regards",Technical Support,high,"['Feature', 'Product', 'Documentation', 'Feedback']"
5,"Dear Customer Support Team,I am submitting a report regarding multiple system service disruptions that are currently interfering with project operations and client interactions. These interruptions have notably reduced efficiency and caused delays in meeting important deadlines.Initial assessments suggest that the primary issue may be linked to widespread failures in network hardware connectivity. We have already carried out several basic troubleshooting procedures, such as rebooting devices and performing initial system checks, but the problems persist.",Service Outages and Maintenance,high,"['Outage', 'Disruption', 'Performance', 'IT', 'Tech Support']"
6,"Dear Support Team,I am reporting a recurring issue with the Laser Printer when printing from MacBook Pros running macOS 15. Several team members have recently encountered this problem, which appears to be connected to the latest macOS 15 system updates.We believe the root cause might be a driver compatibility issue due to the updated operating systems or printer firmware. To troubleshoot, we have restarted the printers and MacBook devices, reinstalled the printer drivers, and verified configurations.",Technical Support,medium,"['Network', 'Hardware', 'Performance', 'Bug', 'Compatibility']"
7,"Customer Support,We are encountering a disruption in VPN-router connectivity that is impacting several devices, notably essential remote telemedicine systems and EMR integrations. Attempts to resolve the issue by restarting affected devices and resetting the router have been unsuccessful. We suspect the problem may be related to firmware discrepancies following recent network configuration updates. This disruption is significantly affecting our operations, and we urgently need assistance to identify and fix the root cause. Kindly advise on additional troubleshooting steps.",Product Support,medium,"['Network', 'Disruption', 'VPN', 'Tech Support']"
8,"Dear Customer Support Team,I am submitting a report regarding a technical problem encountered with the Cloud SaaS platform, which is currently disrupting our business activities. I have observed that certain features are not functioning as expected, causing interruptions that hinder workflow efficiency.In particular, I am facing sporadic connectivity issues when trying to access the platform. Sometimes, the system fails to load the dashboard, and the data displayed appears outdated or incomplete. Furthermore, the response times for executing commands have significantly increased, resulting in delays.",IT Support,medium,"['Bug', 'Crash', 'Network', 'Performance', 'Disruption', 'Outage']"
9,"Dear Customer Support Team,I hope this message reaches you well. I am writing to request detailed information about the services provided by your agency. Specifically, I am interested in understanding the variety of services available, the pricing models, and any special packages or offers that might be applicable.Additionally, I would appreciate it if you could send brochures, service contracts, and case studies highlighting your previous work and client success stories. This information will greatly help me in making an informed decision.",Product Support,high,"['Product', 'Service', 'Feedback', 'Sales']"
10,"Dear Customer Support Team,I hope this message reaches you well. I am reaching out to request help with a problem I am experiencing. Unfortunately, I am not entirely sure how to clearly describe the issue, which makes it difficult to specify the exact nature of the problem.When I try to use the service, I observe unexpected behavior and cannot identify the precise cause. There are error messages and notifications, which make it challenging to provide a detailed description. I have attempted basic troubleshooting steps, such as restarting the application and checking for updates.",Product Support,medium,"['Bug', 'Issue', 'Disruption', 'Support']"
11,"Dear Customer Support Team,I hope this message reaches you in good health. I am writing to request detailed information about the spectrum of products provided by your financial institution. As a potential client, I am particularly eager to learn about the features, advantages, and terms linked to your investment and savings offerings.Would you be able to send comprehensive brochures or documentation that specify the details of your products? I am interested in information regarding account types, interest rates, fees, minimum deposit amounts, and any current promotional deals.",Customer Service,medium,"['Inquiry', 'Product', 'Feature', 'Customer Support']"
12,"Dear Customer Support Team,I am reaching out to request comprehensive details on optimizing marketing workflows across multiple departments by utilizing advanced analytics, automation, and centralized account management. Our organization aims to improve campaign coordination and boost performance metrics across various marketing channels, believing that implementing such strategies will greatly enhance our overall marketing success.In particular, I would like to understand the best practices for integrating data analytics tools that offer real-time insights across different teams.",Technical Support,high,"['Feature', 'Account', 'Marketing', 'Performance', 'Automation', 'Organization']"
13,"Dear Customer Support Team,I hope this message reaches you well. I am writing to request detailed information about your marketing offerings. Our company is currently considering new marketing approaches to strengthen our brand visibility and boost customer engagement, and we are keen to understand the array of services your team provides.Specifically, I would like to learn about the various marketing packages available, including digital marketing solutions such as social media management, email marketing campaigns, and search engine optimization.",Customer Service,medium,"['Marketing', 'Feedback', 'Sales', 'Lead']"
14,"Dear Customer Support Team,I hope this message finds you well. I am reaching out to request detailed details regarding the schedule and scope of upcoming service disruptions and maintenance activities that could affect access to critical systems, particularly big data repositories, analytical models, and automated investment platforms. Understanding the timing and duration of these events is crucial for us to plan accordingly and minimize potential operational interruptions.Could you please provide a thorough overview of the planned maintenance?",Service Outages and Maintenance,medium,"['Disruption', 'Maintenance', 'Notification', 'IT', 'Tech Support']"
15,"Dear Customer Support Team,I hope this message reaches you well. I am writing to request improvements to our existing big data analytics infrastructure. Our goal is to enhance support for advanced machine learning models developed in Python, enable automated rebalancing of investment portfolios, and customize ESG (Environmental, Social, and Governance) investment strategies tailored specifically for institutional clients.At present, our system manages large data sets and aims to incorporate complex machine learning algorithms to deliver real-time analytics efficiently.",Technical Support,high,"['Product', 'Feature', 'Feedback', 'IT']"
16,"Dear Customer Support Team,I hope this message reaches you in good health. I am seeking comprehensive instructions on how to effectively integrate Seagate Expansion Desktop 6TB drives into healthcare storage solutions. My main priority is to guarantee that data management and storage procedures fully adhere to HIPAA and GDPR standards.Could you please share your suggestions for the best configuration of these drives within a healthcare setting? In particular, I am keen to learn about secure setup options that can assist in maintaining compliance.",Technical Support,high,"['Product', 'Documentation', 'Security', 'IT']"
17,"Dear Customer Support,We are encountering a problem where employees are unable to open Excel, PowerPoint, and other Office programs on MacBook Air devices, despite having valid licenses. The issue started after a recent macOS update, which we suspect may have caused compatibility problems, possibly due to expired authentication tokens.To attempt a fix, we rebooted the laptops, tried repairing Office, and re-entered Microsoft credentials. Regrettably, none of these actions resolved the issue, and the applications still cannot be accessed.We would",Human Resources,high,"['Account', 'Security', 'Compatibility', 'Tech Support']"
18,"Dear Customer Support Team,I hope this message reaches you well. I am reaching out to request detailed billing details and payment options for a QuickBooks Online subscription. Specifically, I am interested in understanding the available plans, their pricing structures, and any tailored options for institutional clients within the financial services industry. It would be helpful to receive documentation on invoicing procedures, payment timelines, discounts, and any special terms applicable to organizations like ours.Additionally, please",Billing and Payments,medium,"['Billing', 'Payment', 'Subscription', 'Product', 'Feedback']"
19,"Dear Customer Support,We are experiencing extensive connectivity problems impacting numerous devices throughout the office. The issues have been observed with headsets, printers, and workstations all at once, significantly disrupting daily activities. Our initial investigation indicates that the cause may be a network outage or a misconfiguration within the system infrastructure.Our team has already tried several troubleshooting methods, including rebooting affected devices and swapping hardware components, but unfortunately, these efforts did not resolve the disruptions.",IT Support,medium,"['Network', 'Disruption', 'Hardware', 'Tech Support']"
20,"Dear Customer Support Team,I am reaching out to report persistent issues with network connectivity that are significantly disrupting my workflow. I've observed sporadic interruptions across several devices, which I believe may be caused by a malfunctioning repeater or potential interference from other devices within the network configuration.In an attempt to resolve the problem, I have already taken several measures, such as restarting the affected equipment and repositioning the repeater to different locations within the premises. Despite these efforts, the connectivity issues persist.",Technical Support,medium,"['Network', 'Performance', 'Disruption', 'IT', 'Tech Support']"
21,"Dear Customer Support Team,I am reaching out to request help with a problem I am facing on my PC. Recently, the audio hardware is no longer being recognized by the system. Despite several troubleshooting efforts, such as reconnecting the device, updating the drivers, and restarting the computer, the issue persists. This problem has made the audio output completely unusable, impacting my ability to listen to media and participate in video calls.I have checked the Device Manager, and the audio hardware appears in the list of devices, with the connections confirmed.",Technical Support,low,"['Hardware', 'Tech Support', 'Driver', 'Audio']"
22,"Dear Customer Support Team,I hope this message reaches you in good health. I am seeking help regarding an issue with connecting my Bose headset to my QNAP NAS device. Despite numerous efforts to establish a reliable connection, I am unable to get the headset to function correctly with the NAS, which is causing considerable disruptions to my daily activities.I have verified that both devices are running the latest firmware and software updates. I also attempted to reconnect and restart the devices multiple times,",Technical Support,medium,"['Product', 'Hardware', 'Network', 'Disruption', 'Support']"
23,"Currently facing sporadic connectivity difficulties with the cloud-native SaaS system. The suspected reason appears to be linked to orchestration resource distribution within Kubernetes-managed microservices. After restarting the affected services and examining deployment logs, the issue continues. Further investigation and escalation are required to resolve this matter swiftly.",Customer Service,medium,"['Network', 'Performance', 'Outage', 'Disruption', 'Tech Support']"
24,"Customer Service, I am reaching out to report an issue with the billing payment process on my account. Recently, there have been inconsistencies in the billed amounts and delays in confirming payments. This problem is causing inconvenience, and I would be grateful for quick support to resolve it. Please inform me if you need further details from my side to examine the matter. Thank you for your understanding and assistance.",Billing and Payments,medium,"['Billing', 'Payment', 'Account', 'Assistance']"
25,"Dear Customer Support Team,I hope this message finds you well. I am reaching out to request detailed documentation related to the CI/CD pipeline employed in the current project. Comprehensive information on setup procedures, configurations, and best practices would be immensely helpful for our development team to optimize workflows and ensure seamless deployment processes.In particular, I am interested in understanding the steps involved in the pipeline, the tools and technologies integrated, as well as recommended guidelines for maintenance and troubleshooting. Additionally, if there are sample configuration templates available, please share those as well.",Technical Support,low,"['Documentation', 'Feature', 'IT', 'Tech Support']"
26,"Dear Customer Support Team,I hope this message finds you well. I am writing to report an ongoing issue with the connection of my smart device within the system. Over the past few days, I have encountered frequent disruptions that have significantly compromised the device's ability to stay connected to the network consistently.Initially, the device functioned perfectly and integrated smoothly with the system. However, lately, it has been disconnecting sporadically without any clear reason. This connectivity failure is affecting the overall performance and usability of the device.",Customer Service,low,"['Network', 'Disruption', 'Connectivity', 'Tech Support']"
27,"Dear Customer Support Team,I hope this message reaches you well. I am reaching out to request detailed information about the billing procedure. The customer wishes to gain a clearer understanding of how billing is managed from beginning to end, including critical dates, charges, accepted payment options, and the handling of adjustments or disputes.In particular, I am interested in understanding the timeline of billing cycles, when invoices are issued and sent, and the expected deadlines for payments. Additionally, it would be helpful to know about any penalties for late payments.Thank you for your assistance.",Billing and Payments,low,"['Billing', 'Payment', 'Dispute', 'Documentation']"
28,"Dear Customer Support Team,We are facing repeated system failures that are significantly impairing EMR/PACS integrations as well as telemedicine platforms. Despite our prompt attempts to restart the affected equipment and activate incident response procedures, the problems persist and continue to interfere with essential healthcare functions.Our preliminary investigations indicate that the underlying issues might be related to hardware malfunctions or possible security breaches. We have taken immediate measures to isolate the affected areas, but the systems are still not stable.",Technical Support,high,"['Bug', 'Outage', 'Disruption', 'Emergency', 'Tech Support']"
29,"Dear Customer Support Team,I am urgently reporting a series of severe outages impacting several key devices critical to our operations. These disruptions are severely hindering our ability to maintain normal business activities and demand immediate intervention.The affected devices include network switches, corporate laptops, and vital cloud-based software applications. The issues seem to originate from a potential infrastructure fault, and initial troubleshooting has involved hardware resets.",Technical Support,high,"['Outage', 'Disruption', 'Equipment', 'Hardware', 'Tech Support']"
30,"Dear Customer Support Team,I am reaching out to request an update on the structural details of our organization. The current records reflect information about the marketing agency, which has recently experienced several significant changes. To ensure our records accurately depict the current operations, I would appreciate your assistance in updating the information.First, I would like to clarify the refined roles within the various departments of the agency. Each department now has clearly defined responsibilities aimed at enhancing efficiency and accountability. For instance, the Creative Department is now dedicated solely to content creation.",General Inquiry,medium,"['Organization', 'Feedback', 'Support', 'Documentation']"
31,"Dear Customer Support,I am looking for comprehensive instructions on how to configure and integrate the Smart Water Leak Detectors within a healthcare setting. Specifically, I require details on compliance considerations connected to EMR and PACS systems to guarantee continuous monitoring. Any technical documentation or best practices to facilitate the integration process would be highly valued.Thank you for your assistance.Best regards,[Your Name]",Product Support,high,"['Product', 'Feature', 'Documentation', 'Tech Support']"
32,"Dear Customer Support Team,I hope this message finds you well. I am currently in the process of integrating the Smart-Türklingel video doorbells with Google Nest Wifi Routers into our existing Data Engineering infrastructure. Our objective is to enable secure, real-time analytics and automated monitoring to improve operational efficiency and security.We would greatly value comprehensive guidance on the integration process, including suggested APIs, security measures, and configuration options to ensure smooth data transmission.",Technical Support,medium,"['Feature', 'Security', 'IT', 'Tech Support']"
33,"Dear Customer Support,I have recently been notified of attempts at unauthorized entry into my IoT gadgets. This has raised significant worries about the security of my home network. I would be grateful for immediate help in examining this issue to ensure my devices are fully secured. Please advise on additional security protocols I can implement and keep me informed about any updates related to this problem. Thank you for your swift response to this urgent security matter.Sincerely,[Your Name]",Customer Service,low,"['Security', 'IT', 'Tech Support', 'Alert']"
34,"Dear Support Team,We are currently experiencing several disruptions across our products, which are affecting scanning capabilities, device connections, and access to cloud functionalities. These issues seem to be linked to a failure in the Kubernetes orchestration CI/CD pipeline. We have attempted to resolve the problem by restarting services and redeploying the impacted pods, but the issues continue. We urgently require assistance to identify and address the root cause to restore full service operation.Thank you for your prompt attention to this matter.",Technical Support,high,"['Disruption', 'Service', 'Product', 'Network', 'Cloud', 'IT']"
35,"Dear Customer Service Team,I am reaching out to request modifications to the marketing firm's framework. I wish to incorporate new technologies to broaden our existing offerings, including data-centric analytics, video production, and user experience design. Furthermore, improving account management features is a priority to better assist our clients. Our goal is to adopt growth hacking tactics centered on emerging platforms to remain competitive and innovative. Kindly inform us of the necessary procedures to implement these updates and available support options.",Customer Service,high,"['Feedback', 'Documentation', 'Product', 'Technology']"
36,"Dear Support Team,I hope this message reaches you well. I am reaching out to request comprehensive details about customized rule-driven investment methods, with a specific focus on integrating ESG (Environmental, Social, Governance) analytics alongside Python-based machine learning models. Our organization is exploring sophisticated investment solutions tailored for institutional clients and high-net-worth individuals, and we believe your expertise could align well with our strategic objectives.Could you kindly provide this information?",Returns and Exchanges,medium,"['Feature', 'Security', 'IT', 'Tech Support']"
37,"Dear Customer Support Team,I am submitting a report about a critical issue in the server room that demands immediate action. There are severe overheating problems, seemingly caused by a malfunctioning PC fan (PC-Lüfter). Despite attempts to control the situation, the issue persists, leading to increased temperatures that could potentially harm the hardware.To resolve this, I have already tried several restart cycles and performed basic cleaning to remove dust accumulation. However, the problem remains unresolved.",IT Support,high,"['Hardware', 'Performance', 'Disruption', 'Recovery']"
38,"Dear Support Team,I hope this message reaches you well. I am reaching out to request assistance with several configuration modifications and integrations that are essential for enhancing our workflow efficiency and promoting better collaboration across departments.Firstly, I need to update the Outlook 2021 settings to better match our current communication needs. This involves configuring shared calendars, refining email rules, and adding relevant extensions to facilitate smoother team interactions.Additionally, I am interested in implementing new features or tools, and I would appreciate your guidance on this matter.",Technical Support,high,"['Feature', 'IT', 'Tech Support', 'Configuration']"
39,"Dear Customer Support Team,I hope this message reaches you in good health. I am reaching out to request in-depth information about the investment methods offered by your firm. As I explore options to enhance my portfolio, it is essential to understand the various strategies and techniques used to oversee investments.Could you kindly share detailed insights into your investment approaches, including risk analysis, distribution of assets, and anticipated yields? Furthermore, information on strategies designed for different investor profiles would be highly valuable.Thank you.",Customer Service,low,"['Finance', 'Investment', 'Customer Support', 'Information']"
40,"Dear Customer Support,I hope this message reaches you in good health. I am reaching out to inquire about your investment offerings, particularly those that integrate real-time data analysis and automated rebalancing systems. Could you kindly provide comprehensive details about the investment products that utilize cutting-edge technologies?Furthermore, I am interested in understanding the procedures, especially how they benefit high-net-worth institutional clients. Insights into how real-time analytics improve decision-making and how automated rebalancing helps maintain portfolio alignment with investment objectives would be especially helpful.Thank you for your assistance.",Customer Service,medium,"['Product', 'Feature', 'Feedback', 'IT']"
41,"Dear Customer Support Team,I hope this message reaches you well. I am seeking detailed information about the available documentation, support tools, and procedures for connecting the SaaS platform with external devices and third-party services listed within the product environment.As our organization aims to improve operational efficiency through platform integration, it is essential for us to fully understand the possibilities and limitations. We are particularly interested in official manuals, API documentation, SDKs, and developer resources.",Customer Service,medium,"['Documentation', 'Support', 'Integration', 'Tool', 'Platform']"
42,"Dear Customer Support,I am submitting a report concerning errors in the latest billing statement. It seems that the automated billing system may have incorrectly allocated hardware purchases among different departmental accounts. I have meticulously examined the transaction logs and verified the internal financial records; however, the inconsistencies remain. This issue is causing confusion in financial reporting and requires immediate attention to ensure billing accuracy.Could you please look into this matter and provide a solution at your earliest convenience?Thank you for your assistance.Best regards",Billing and Payments,medium,"['Billing', 'Account', 'Hardware', 'Discrepancy']"
43,"Dear Customer Support Team,I hope this message reaches you well. I am writing to request a comprehensive explanation of the compliance procedures related to your services. Our goal is to ensure that our operations fully meet the specified requirements by understanding the exact procedures, necessary documentation, and associated timelines involved in the compliance process.Specifically, I would like to gain a deeper understanding of the following points:1. A complete list of compliance obligations that need to be satisfied.2. Recommended templates or formats for documentation.",Customer Service,low,"['Compliance', 'Documentation', 'Process', 'Support']"
44,"Customer Service Team,We are facing concurrent failures in several office gadgets. The problem seems linked to a network disruption causing synchronization issues with cloud services. We've already attempted restarting the devices and checked physical connections, but the issue persists. This disruption is greatly affecting our daily workflow, and we urgently need help to identify and fix the underlying problem. Kindly advise on the next steps and let us know if additional details are required from our side.Thank you.",Technical Support,high,"['Hardware', 'Network', 'Disruption', 'Maintenance']"
45,"Dear Support Team,I am writing to report a critical problem affecting several linked healthcare devices on our network. These devices are currently facing severe connectivity and performance issues, which are disrupting our daily activities. I suspect that recent updates to security policies or modifications to network configurations may be the cause.In an effort to resolve the issue, I have already restarted the affected equipment and thoroughly reviewed the network settings; however, the problem continues without any improvement.",IT Support,medium,"['Network', 'Connectivity', 'Performance', 'Security', 'Hardware']"
46,"Dear Support Team,We are currently facing multiple essential hardware failures that are significantly disrupting our live analytics rebalancing processes. Despite performing reboots on key systems and initial troubleshooting steps involving hardware and software adjustments, the devices remain unresponsive. We suspect the root cause may be linked to a network configuration issue. We urgently need your help to diagnose and resolve this problem to prevent further operational disruptions. Please advise on the next steps to fully restore our systems.",Technical Support,high,"['Network', 'Hardware', 'Outage', 'Disruption', 'Recovery']"
47,"Customer Support,I am facing difficulties with the centralized account administration process. Although the features seem to be functioning normally, there are delays and confusion when handling several accounts simultaneously. Could you kindly look into this matter and offer advice on how to fix it? Your prompt help would be highly valued.Thanks for your support.Best regards,[Your Name]",Product Support,medium,"['Account', 'Support', 'Feedback', 'Documentation']"
48,"Dear Customer Support,I am reaching out to report an issue related to device incompatibility with healthcare software systems. Recently, I tried to integrate a device with various healthcare software platforms, but unfortunately, I faced ongoing issues that prevent the device from functioning correctly. Despite following the recommended setup procedures and updating the device firmware to the latest version, the software does not recognize or communicate with the device effectively.This incompatibility is affecting my ability to use essential healthcare applications that are critical for my operations.",Customer Service,medium,"['Product', 'Hardware', 'Software', 'Compatibility', 'Tech Support']"
